<?xml version="1.0" encoding="UTF-8"?>
<document type="com.apple.InterfaceBuilder3.CocoaTouch.Storyboard.XIB" version="3.0" toolsVersion="13196" targetRuntime="iOS.CocoaTouch" propertyAccessControl="none" useAutolayout="YES" useTraitCollections="YES" useSafeAreas="YES" colorMatched="YES" initialViewController="BYZ-38-t0r">
    <device id="retina4_7" orientation="portrait">
        <adaptation id="fullscreen"/>
    </device>
    <dependencies>
        <plugIn identifier="com.apple.InterfaceBuilder.IBCocoaTouchPlugin" version="13174"/>
        <capability name="Safe area layout guides" minToolsVersion="9.0"/>
        <capability name="documents saved in the Xcode 8 format" minToolsVersion="8.0"/>
    </dependencies>
    <scenes>
        <!--View Controller-->
        <scene sceneID="tne-QT-ifu">
            <objects>
                <viewController id="BYZ-38-t0r" customClass="ViewController" customModule="EjemploProtocolos" customModuleProvider="target" sceneMemberID="viewController">
                    <view key="view" contentMode="scaleToFill" id="8bC-Xf-vdC">
                        <rect key="frame" x="0.0" y="0.0" width="375" height="667"/>
                        <autoresizingMask key="autoresizingMask" widthSizable="YES" heightSizable="YES"/>
                        <subviews>
                            <tableView clipsSubviews="YES" contentMode="scaleToFill" fixedFrame="YES" alwaysBounceVertical="YES" dataMode="prototypes" style="plain" separatorStyle="default" rowHeight="-1" estimatedRowHeight="-1" sectionHeaderHeight="28" sectionFooterHeight="28" translatesAutoresizingMaskIntoConstraints="NO" id="O9l-mW-Kxw">
                                <rect key="frame" x="0.0" y="0.0" width="375" height="667"/>
                                <autoresizingMask key="autoresizingMask" widthSizable="YES" heightSizable="YES"/>
                                <color key="backgroundColor" white="1" alpha="1" colorSpace="calibratedWhite"/>
                                <prototypes>
                                    <tableViewCell clipsSubviews="YES" contentMode="scaleToFill" selectionStyle="default" indentationWidth="10" reuseIdentifier="customCell" id="OHH-bV-fpG" customClass="CustomCell" customModule="EjemploProtocolos" customModuleProvider="target">
                                        <rect key="frame" x="0.0" y="28" width="375" height="44"/>
                                        <autoresizingMask key="autoresizingMask"/>
                                        <tableViewCellContentView key="contentView" opaque="NO" clipsSubviews="YES" multipleTouchEnabled="YES" contentMode="center" insetsLayoutMarginsFromSafeArea="NO" tableViewCell="OHH-bV-fpG" id="EFn-rS-pqC">
                                            <rect key="frame" x="0.0" y="0.0" width="375" height="43.5"/>
                                            <autoresizingMask key="autoresizingMask"/>
                                            <subviews>
                                                <button opaque="NO" contentMode="scaleToFill" fixedFrame="YES" contentHorizontalAlignment="center" contentVerticalAlignment="center" buttonType="roundedRect" lineBreakMode="middleTruncation" translatesAutoresizingMaskIntoConstraints="NO" id="TeB-VG-qnu">
                                                    <rect key="frame" x="16" y="6" width="129" height="30"/>
                                                    <autoresizingMask key="autoresizingMask" flexibleMaxX="YES" flexibleMaxY="YES"/>
                                                    <state key="normal" title="llamar por telefono"/>
                                                    <connections>
                                                        <action selector="llamar:" destination="OHH-bV-fpG" eventType="touchUpInside" id="OdZ-2X-TRh"/>
                                                    </connections>
                                                </button>
                                                <switch opaque="NO" contentMode="scaleToFill" horizontalHuggingPriority="750" verticalHuggingPriority="750" fixedFrame="YES" contentHorizontalAlignment="center" contentVerticalAlignment="center" on="YES" translatesAutoresizingMaskIntoConstraints="NO" id="gw2-Oc-mJa">
                                                    <rect key="frame" x="312" y="6" width="49" height="31"/>
                                                    <autoresizingMask key="autoresizingMask" flexibleMinX="YES" flexibleMaxY="YES"/>
                                                    <connections>
                                                        <action selector="activar:" destination="OHH-bV-fpG" eventType="valueChanged" id="idQ-Xi-VoH"/>
                                                    </connections>
                                                </switch>
                                                <label opaque="NO" userInteractionEnabled="NO" contentMode="left" horizontalHuggingPriority="251" verticalHuggingPriority="251" fixedFrame="YES" text="Activar" textAlignment="natural" lineBreakMode="tailTruncation" baselineAdjustment="alignBaselines" adjustsFontSizeToFit="NO" translatesAutoresizingMaskIntoConstraints="NO" id="WwE-sA-oH3">
                                                    <rect key="frame" x="250" y="11" width="54" height="21"/>
                                                    <autoresizingMask key="autoresizingMask" flexibleMinX="YES" flexibleMaxY="YES"/>
                                                    <fontDescription key="fontDescription" type="system" pointSize="17"/>
                                                    <nil key="textColor"/>
                                                    <nil key="highlightedColor"/>
                                                </label>
                                            </subviews>
                                        </tableViewCellContentView>
                                        <connections>
                                            <outlet property="activarUsuario" destination="gw2-Oc-mJa" id="2lg-NW-Umf"/>
                                            <outlet property="botonLlamar" destination="TeB-VG-qnu" id="hf9-a3-7dQ"/>
                                        </connections>
                                    </tableViewCell>
                                </prototypes>
                                <connections>
                                    <outlet property="dataSource" destination="BYZ-38-t0r" id="Imj-pU-TPv"/>
                                    <outlet property="delegate" destination="BYZ-38-t0r" id="LdJ-YE-blq"/>
                                </connections>
                            </tableView>
                        </subviews>
                        <color key="backgroundColor" red="1" green="1" blue="1" alpha="1" colorSpace="custom" customColorSpace="sRGB"/>
                        <viewLayoutGuide key="safeArea" id="6Tk-OE-BBY"/>
                    </view>
                </viewController>
                <placeholder placeholderIdentifier="IBFirstResponder" id="dkx-z0-nzr" sceneMemberID="firstResponder"/>
            </objects>
            <point key="canvasLocation" x="140" y="132.68365817091455"/>
        </scene>
    </scenes>
</document>
